name	bin	species	ThumbnailURL	category	geography	in_uksi	placement_type	placement_quality	epa_lwr_score	parent_bootstrap	bags_grade	bin_quality_issue	n_bins_for_species	all_bins_for_species	needs_attention	tolid	assembly_status	genome_status	dataset	processid	UKSI_name_match	taxon_version_key	Bioscan specimen count	Specimen ID	family	geography_broad	species_in_GOAT	GBIF	GOAT	NBN	TOLQC	BLAST	BOLD_BIN	BOLD_Specimen	BOLD_BIOSCAN	Node support / Placement
Forficula_auricularia|BOLDAAG9897|LPRCI029-21	BOLD:AAG9897	Forficula auricularia	https://caos.boldsystems.org/api/objects/caos-cloud.linode-us-east.14_214.029d77c5-60ce-4b12-af7a-0b799a2d064c.jpg	BIOSCAN_collected	France	True	reference_tree				E	shares_BIN_with_other_species	6	BOLD:AAE0456; BOLD:AAG9897; BOLD:ACD4765; BOLD:AEG3281; BOLD:AEK6060; BOLD:AGD8678	False				Reference	LPRCI029-21		NHMSYS0021898018	9		Forficulidae	Western Europe	True	[🌍 GBIF map](https://www.gbif.org/species/search?q=Forficula%20auricularia)	[🐐 GOAT](https://goat.genomehubs.org/search?result=taxon&taxonomy=ncbi&query=tax_name%28Forficula%20auricularia%29)	[🇬🇧 NBN Atlas](https://species.nbnatlas.org/species/Forficula%20auricularia)			[🔷 BIN](http://www.boldsystems.org/index.php/Public_BarcodeCluster?clusteruri=BOLD:AAG9897)	[🔬 This specimen](https://portal.boldsystems.org/result?query=LPRCI029-21[ids])	[🪰 All BIOSCAN specimens](https://portal.boldsystems.org/result?query=BOLD:AAG9897[bin],%22Wellcome%20Sanger%20Institute%22[inst])	No support data
Unknown_species|BOLDAAG9897|HIRW2505-23	BOLD:AAG9897	Unknown species	https://caos.boldsystems.org/api/objects/caos-cloud.linode-us-ord-1.23_146.0f97566f-d375-4ed8-8000-5be8033e645c.jpg	Not_in_UKSI	United Kingdom	False	validation	Moderate to Low	0.5065474916		E	shares_BIN_with_other_species	6	BOLD:AAE0456; BOLD:AAG9897; BOLD:ACD4765; BOLD:AEG3281; BOLD:AEK6060; BOLD:AGD8678	True				BIOSCAN	HIRW2505-23		NHMSYS0021898018	9	HIRW_028_H7	Forficulidae	British Isles	False					[🧬 NCBI BLAST](https://blast.ncbi.nlm.nih.gov/Blast.cgi?PROGRAM=blastn&PAGE_TYPE=BlastSearch&QUERY=GAACTTTATATTTTGTATTTGGGGCTTGATCAGGAATAGTGGGGACTTCATTGAGCTTGTTGATTCGAGCAGAATTGGGCCAACCTGGAGCTTTAATTGGAGACGATCAAATTTATAATGTAATTGTTACGGCCCATGCTTTTGTAATGATTTTTTTTATGGTAATGCCTATTATGATTGGAGGTTTTGGGAATTGACTGGTACCTTTGATGTTGAGAGCCCCAGATATGGCCTTTCCCCGGATAAACAACATGAGTTTTTGGTTACTACCCCCTTCGCTTATGCTTTTGCTTTCTGGGAGTATAGTAGATAGAGGGGCTGGTACAGGTTGGACAGTTTACCCCCCTTTGTCGGGGGCCATCGCCCACGCAGGGGCTTCGGTAGATTTAAGTATTTTTTCATTGCATTTGGCAGGGATTTCATCAATTTTGGGGGCAATTAATTTTATCACAACGGTGATTAATATGCGCCCATCGGGTCTTAAGCTGGAACGAATACCGTTGTTTGTATGATCCGTAGCCATTACTGCTCTTTTATTGTTGCTTTCTTTGCCAGTATTGGCAGGGGCTATCACTATGCTTTTGACGGACCGGAATTTAAATACATCTTTTTTCGACCCTGCGGGAGGGGGGGACCCCATTCTTTATCAACATTTATTTTT)	[🔷 BIN](http://www.boldsystems.org/index.php/Public_BarcodeCluster?clusteruri=BOLD:AAG9897)	[🔬 This specimen](https://portal.boldsystems.org/result?query=HIRW2505-23[ids])	[🪰 All BIOSCAN specimens](https://portal.boldsystems.org/result?query=BOLD:AAG9897[bin],%22Wellcome%20Sanger%20Institute%22[inst])	Moderate to Low (0-0.74)
Forficula_auricularia|BOLDAEK6060|ANBIO334-19	BOLD:AEK6060	Forficula auricularia		UKSI_no_specimens	United Kingdom	True	reference_tree			0.929	E	shares_BIN_with_other_species	6	BOLD:AAE0456; BOLD:AAG9897; BOLD:ACD4765; BOLD:AEG3281; BOLD:AEK6060; BOLD:AGD8678	False				Reference	ANBIO334-19		NHMSYS0021898018	0		Forficulidae	British Isles	True	[🌍 GBIF map](https://www.gbif.org/species/search?q=Forficula%20auricularia)	[🐐 GOAT](https://goat.genomehubs.org/search?result=taxon&taxonomy=ncbi&query=tax_name%28Forficula%20auricularia%29)	[🇬🇧 NBN Atlas](https://species.nbnatlas.org/species/Forficula%20auricularia)			[🔷 BIN](http://www.boldsystems.org/index.php/Public_BarcodeCluster?clusteruri=BOLD:AEK6060)	[🔬 This specimen](https://portal.boldsystems.org/result?query=ANBIO334-19[ids])	[🪰 All BIOSCAN specimens](https://portal.boldsystems.org/result?query=BOLD:AEK6060[bin],%22Wellcome%20Sanger%20Institute%22[inst])	Moderate to Low (0-0.74)
Forficula_auricularia|BOLDAGD8678|GBAAW82437-24	BOLD:AGD8678	Forficula auricularia		UKSI_no_specimens	India	True	reference_tree			0.893	E	shares_BIN_with_other_species	6	BOLD:AAE0456; BOLD:AAG9897; BOLD:ACD4765; BOLD:AEG3281; BOLD:AEK6060; BOLD:AGD8678	False				Reference	GBAAW82437-24		NHMSYS0021898018	0		Forficulidae	South Asia	True	[🌍 GBIF map](https://www.gbif.org/species/search?q=Forficula%20auricularia)	[🐐 GOAT](https://goat.genomehubs.org/search?result=taxon&taxonomy=ncbi&query=tax_name%28Forficula%20auricularia%29)	[🇬🇧 NBN Atlas](https://species.nbnatlas.org/species/Forficula%20auricularia)			[🔷 BIN](http://www.boldsystems.org/index.php/Public_BarcodeCluster?clusteruri=BOLD:AGD8678)	[🔬 This specimen](https://portal.boldsystems.org/result?query=GBAAW82437-24[ids])	[🪰 All BIOSCAN specimens](https://portal.boldsystems.org/result?query=BOLD:AGD8678[bin],%22Wellcome%20Sanger%20Institute%22[inst])	Moderate to Low (0-0.74)
Forficula_auricularia-A|BOLDAAG9897|PHNXG041-13	BOLD:AAG9897	Forficula auricularia-A		Not_in_UKSI	Canada	False	reference_tree			0.485	E	shares_BIN_with_other_species	6	BOLD:AAE0456; BOLD:AAG9897; BOLD:ACD4765; BOLD:AEG3281; BOLD:AEK6060; BOLD:AGD8678	True				Reference	PHNXG041-13		NHMSYS0021898018	9		Forficulidae	North America	True	[🌍 GBIF map](https://www.gbif.org/species/search?q=Forficula%20auricularia-A)	[🐐 GOAT](https://goat.genomehubs.org/search?result=taxon&taxonomy=ncbi&query=tax_name%28Forficula%20auricularia-A%29)	[🇬🇧 NBN Atlas](https://species.nbnatlas.org/species/Forficula%20auricularia-A)			[🔷 BIN](http://www.boldsystems.org/index.php/Public_BarcodeCluster?clusteruri=BOLD:AAG9897)	[🔬 This specimen](https://portal.boldsystems.org/result?query=PHNXG041-13[ids])	[🪰 All BIOSCAN specimens](https://portal.boldsystems.org/result?query=BOLD:AAG9897[bin],%22Wellcome%20Sanger%20Institute%22[inst])	Moderate to Low (0-0.74)
Forficula_sp._FAUR72|BOLDAAG9897|GBMNC38437-20	BOLD:AAG9897	Forficula sp. FAUR72		Not_in_UKSI	France	False	reference_tree			0.485	E	shares_BIN_with_other_species	6	BOLD:AAE0456; BOLD:AAG9897; BOLD:ACD4765; BOLD:AEG3281; BOLD:AEK6060; BOLD:AGD8678	True				Reference	GBMNC38437-20		NHMSYS0021898018	9		Forficulidae	Western Europe	True	[🌍 GBIF map](https://www.gbif.org/species/search?q=Forficula%20sp.%20FAUR72)	[🐐 GOAT](https://goat.genomehubs.org/search?result=taxon&taxonomy=ncbi&query=tax_name%28Forficula%20sp.%20FAUR72%29)	[🇬🇧 NBN Atlas](https://species.nbnatlas.org/species/Forficula%20sp.%20FAUR72)			[🔷 BIN](http://www.boldsystems.org/index.php/Public_BarcodeCluster?clusteruri=BOLD:AAG9897)	[🔬 This specimen](https://portal.boldsystems.org/result?query=GBMNC38437-20[ids])	[🪰 All BIOSCAN specimens](https://portal.boldsystems.org/result?query=BOLD:AAG9897[bin],%22Wellcome%20Sanger%20Institute%22[inst])	Moderate to Low (0-0.74)
Forficula_auricularia|BOLDACD4765|GBMNC38382-20	BOLD:ACD4765	Forficula auricularia		UKSI_no_specimens	Iran	True	reference_tree			0.992	E	shares_BIN_with_other_species	6	BOLD:AAE0456; BOLD:AAG9897; BOLD:ACD4765; BOLD:AEG3281; BOLD:AEK6060; BOLD:AGD8678	False				Reference	GBMNC38382-20		NHMSYS0021898018	0		Forficulidae	Southern Europe	True	[🌍 GBIF map](https://www.gbif.org/species/search?q=Forficula%20auricularia)	[🐐 GOAT](https://goat.genomehubs.org/search?result=taxon&taxonomy=ncbi&query=tax_name%28Forficula%20auricularia%29)	[🇬🇧 NBN Atlas](https://species.nbnatlas.org/species/Forficula%20auricularia)			[🔷 BIN](http://www.boldsystems.org/index.php/Public_BarcodeCluster?clusteruri=BOLD:ACD4765)	[🔬 This specimen](https://portal.boldsystems.org/result?query=GBMNC38382-20[ids])	[🪰 All BIOSCAN specimens](https://portal.boldsystems.org/result?query=BOLD:ACD4765[bin],%22Wellcome%20Sanger%20Institute%22[inst])	Moderate to Low (0-0.74)
Forficula_auricularia|BOLDAEG3281|GBMNC38385-20	BOLD:AEG3281	Forficula auricularia		UKSI_no_specimens	Iran	True	reference_tree			0.992	E	shares_BIN_with_other_species	6	BOLD:AAE0456; BOLD:AAG9897; BOLD:ACD4765; BOLD:AEG3281; BOLD:AEK6060; BOLD:AGD8678	False				Reference	GBMNC38385-20		NHMSYS0021898018	0		Forficulidae	Southern Europe	True	[🌍 GBIF map](https://www.gbif.org/species/search?q=Forficula%20auricularia)	[🐐 GOAT](https://goat.genomehubs.org/search?result=taxon&taxonomy=ncbi&query=tax_name%28Forficula%20auricularia%29)	[🇬🇧 NBN Atlas](https://species.nbnatlas.org/species/Forficula%20auricularia)			[🔷 BIN](http://www.boldsystems.org/index.php/Public_BarcodeCluster?clusteruri=BOLD:AEG3281)	[🔬 This specimen](https://portal.boldsystems.org/result?query=GBMNC38385-20[ids])	[🪰 All BIOSCAN specimens](https://portal.boldsystems.org/result?query=BOLD:AEG3281[bin],%22Wellcome%20Sanger%20Institute%22[inst])	Moderate to Low (0-0.74)
Forficula_dentata|BOLDAAE0456|GBAAP3985-25	BOLD:AAE0456	Forficula dentata		BIOSCAN_collected	Unrecoverable	True	reference_tree			0.992	E	shares_BIN_with_other_species	1	BOLD:AAE0456	False				Reference	GBAAP3985-25		NHMSYS0021898023	119		Forficulidae	Other	True	[🌍 GBIF map](https://www.gbif.org/species/search?q=Forficula%20dentata)	[🐐 GOAT](https://goat.genomehubs.org/search?result=taxon&taxonomy=ncbi&query=tax_name%28Forficula%20dentata%29)	[🇬🇧 NBN Atlas](https://species.nbnatlas.org/species/Forficula%20dentata)			[🔷 BIN](http://www.boldsystems.org/index.php/Public_BarcodeCluster?clusteruri=BOLD:AAE0456)	[🔬 This specimen](https://portal.boldsystems.org/result?query=GBAAP3985-25[ids])	[🪰 All BIOSCAN specimens](https://portal.boldsystems.org/result?query=BOLD:AAE0456[bin],%22Wellcome%20Sanger%20Institute%22[inst])	Moderate to Low (0-0.74)
Forficula_auricularia|BOLDAAE0456|ANBIO499-22	BOLD:AAE0456	Forficula auricularia		BIOSCAN_collected	United Kingdom	True	reference_tree			0.986	E	shares_BIN_with_other_species	1	BOLD:AAE0456	False				Reference	ANBIO499-22		NHMSYS0021898023	119		Forficulidae	British Isles	True	[🌍 GBIF map](https://www.gbif.org/species/search?q=Forficula%20auricularia)	[🐐 GOAT](https://goat.genomehubs.org/search?result=taxon&taxonomy=ncbi&query=tax_name%28Forficula%20auricularia%29)	[🇬🇧 NBN Atlas](https://species.nbnatlas.org/species/Forficula%20auricularia)			[🔷 BIN](http://www.boldsystems.org/index.php/Public_BarcodeCluster?clusteruri=BOLD:AAE0456)	[🔬 This specimen](https://portal.boldsystems.org/result?query=ANBIO499-22[ids])	[🪰 All BIOSCAN specimens](https://portal.boldsystems.org/result?query=BOLD:AAE0456[bin],%22Wellcome%20Sanger%20Institute%22[inst])	Moderate to Low (0-0.74)
Forficula_auricularia-B|BOLDAAE0456|CONTA1858-15	BOLD:AAE0456	Forficula auricularia-B		Not_in_UKSI	Unknown	False	reference_tree				E	shares_BIN_with_other_species	1	BOLD:AAE0456	True				Reference			NHMSYS0021898023	119		Forficulidae	Other	True	[🌍 GBIF map](https://www.gbif.org/species/search?q=Forficula%20auricularia-B)	[🐐 GOAT](https://goat.genomehubs.org/search?result=taxon&taxonomy=ncbi&query=tax_name%28Forficula%20auricularia-B%29)	[🇬🇧 NBN Atlas](https://species.nbnatlas.org/species/Forficula%20auricularia-B)			[🔷 BIN](http://www.boldsystems.org/index.php/Public_BarcodeCluster?clusteruri=BOLD:AAE0456)		[🪰 All BIOSCAN specimens](https://portal.boldsystems.org/result?query=BOLD:AAE0456[bin],%22Wellcome%20Sanger%20Institute%22[inst])	No support data
Forficula_auricularia-B|BOLDAAE0456|FACE12068-23	BOLD:AAE0456	Forficula auricularia-B	https://caos.boldsystems.org/api/objects/caos-cloud.linode-us-ord-1.23_241.ad63c72c-4497-4655-99fc-7bf452eafe4a.jpg	Not_in_UKSI	United Kingdom	False	validation	Moderate to Low	0.3473115387		E	shares_BIN_with_other_species	1	BOLD:AAE0456	True				BIOSCAN	FACE12068-23		NHMSYS0021898023	119	FACE_170_D11	Forficulidae	British Isles	True	[🌍 GBIF map](https://www.gbif.org/species/search?q=Forficula%20auricularia-B)	[🐐 GOAT](https://goat.genomehubs.org/search?result=taxon&taxonomy=ncbi&query=tax_name%28Forficula%20auricularia-B%29)	[🇬🇧 NBN Atlas](https://species.nbnatlas.org/species/Forficula%20auricularia-B)		[🧬 NCBI BLAST](https://blast.ncbi.nlm.nih.gov/Blast.cgi?PROGRAM=blastn&PAGE_TYPE=BlastSearch&QUERY=AACAAATCATAAAGATATTGGGACCTTATATTTTGTATTTGGGGCTTGATCAGGGATAGTAGGGACTTCATTGAGTTTGTTGATTCGAGCAGAGTTGGGACAACCTGGAGCTTTAATTGGAGACGATCAAATTTATAATGTAATTGTTACGGCCCACGCTTTCGTAATGATTTTTTTTATGGTAATGCCTATTATGATTGGGGGTTTTGGGAATTGATTGGTACCCCTGATGCTGAGAGCCCCTGACATGGCCTTTCCTCGAATAAATAATATAAGTTTTTGGTTACTACCTCCTTCGCTTATACTTTTGCTCTCTGGGAGAATGGTAGACAGAGGGGCAGGAACGGGTTGGACGGTCTACCCTCCCCTGTCGGGGGCTATCGCTCACGCAGGGGCTTCGGTGGATTTGAGAATTTTTTCATTGCACTTGGCGGGGGTTTCATCCATTTTAGGGGCAATTAATTTTATTACAACGGTGATTAACATGCGCCCCTCAGGTCTTAAATTGGAACGAATACCATTATTTGTGTGATCTGTAGCCATTACTGCTCTTTTATTGTTACTTTCTTTACCAGTGTTGGCAGGGGCTATCACTATGCTTTTGACAGACCGGAATTTAAATACATCTTTTTTTGACCCTGCGGGAGGGGGAGACCCTATTCTCTATCAACATTTATTTTGATT)	[🔷 BIN](http://www.boldsystems.org/index.php/Public_BarcodeCluster?clusteruri=BOLD:AAE0456)	[🔬 This specimen](https://portal.boldsystems.org/result?query=FACE12068-23[ids])	[🪰 All BIOSCAN specimens](https://portal.boldsystems.org/result?query=BOLD:AAE0456[bin],%22Wellcome%20Sanger%20Institute%22[inst])	Moderate to Low (0-0.74)
Apterygida_albipennis|BOLDAGP4116|BGENL399-23	BOLD:AGP4116	Apterygida albipennis	https://caos.boldsystems.org/api/objects/caos-cloud.linode-us-east.20_225.7361af6d-4981-4de6-bd62-496d30569929.jpg	UKSI_no_specimens	Netherlands	True	reference_tree			0.99	B	clean	1	BOLD:AGP4116	False				Reference	BGENL399-23		NHMSYS0001387259	0		Forficulidae	Western Europe	True	[🌍 GBIF map](https://www.gbif.org/species/search?q=Apterygida%20albipennis)	[🐐 GOAT](https://goat.genomehubs.org/search?result=taxon&taxonomy=ncbi&query=tax_name%28Apterygida%20albipennis%29)	[🇬🇧 NBN Atlas](https://species.nbnatlas.org/species/Apterygida%20albipennis)			[🔷 BIN](http://www.boldsystems.org/index.php/Public_BarcodeCluster?clusteruri=BOLD:AGP4116)	[🔬 This specimen](https://portal.boldsystems.org/result?query=BGENL399-23[ids])	[🪰 All BIOSCAN specimens](https://portal.boldsystems.org/result?query=BOLD:AGP4116[bin],%22Wellcome%20Sanger%20Institute%22[inst])	Moderate to Low (0-0.74)
Forficula_lesnei|BOLDAFH1315|BGENL419-23	BOLD:AFH1315	Forficula lesnei	https://caos.boldsystems.org/api/objects/caos-cloud.linode-us-ord-1.22_123.4fee437d-e932-4c61-bb10-31b416af50ac.jpg	BIOSCAN_collected	Spain	True	reference_tree			0.99	B	clean	1	BOLD:AFH1315	False				Reference	BGENL419-23		NHMSYS0001387336	1		Forficulidae	Southern Europe	True	[🌍 GBIF map](https://www.gbif.org/species/search?q=Forficula%20lesnei)	[🐐 GOAT](https://goat.genomehubs.org/search?result=taxon&taxonomy=ncbi&query=tax_name%28Forficula%20lesnei%29)	[🇬🇧 NBN Atlas](https://species.nbnatlas.org/species/Forficula%20lesnei)			[🔷 BIN](http://www.boldsystems.org/index.php/Public_BarcodeCluster?clusteruri=BOLD:AFH1315)	[🔬 This specimen](https://portal.boldsystems.org/result?query=BGENL419-23[ids])	[🪰 All BIOSCAN specimens](https://portal.boldsystems.org/result?query=BOLD:AFH1315[bin],%22Wellcome%20Sanger%20Institute%22[inst])	Moderate to Low (0-0.74)
